Rank,Track ID
1,2KAkkba3PaYFegfmYpUITv
2,6RhvzmN2NRZSc24hF2R9lf
3,5GyyPRvEwdI4wJSUbzxHQv
4,1Sb7QJRawbARgpMqyYNMkT
5,4Nfak8iMF4kQfQ6Pa8Z79m
6,4TnFANpjVwVKWzkxNzIyFH
7,5BfCoUcWNXcpyJfjXRIeyC
8,7x3kHHEczVkeuuFkUKjUv7
9,0sf12qNH5qcw8qpgymFOqD
10,1rgnBhdG2JDFTbYkYRZAku
11,7HnZCmNXgva6N3kZiK0NTn
12,2oA44GF1ypyWTH18HGLXIS
13,3VxDCnNHD1mtXFGFDPqhe4
14,47LFcy7prvEY5D08d26zOo
15,3iFaIzKkI6R3Zy3AAgwvvy
16,6KKVQRfk2pRAXrOt08SfpL
17,3wSdpAUYB0UuNekEcDdnjN
18,7hrZQ1Z5Cyw9Y8LghrckoZ
19,5S7RVfMKBkikdfObKHwI2e
20,45mzuuUWaRRLwIDifDferf
21,18HNGxDOcshRU2Hdu8tMOM
22,7vuDhgmouJEaGsvqBllrzr
23,3U0yYPdyHy4jJ0igQ2g78R
24,5S5IXw7j7o0uWD3hFGyt7p
25,2ac7X8C4qYWtNeu0RhkFZr
26,24Yi9hE78yPEbZ4kxyoXAI
27,30kxl4FnaEFS2qZkec3Zak
28,7rBP4bLjMLNkix1nGHjheP
29,4ZuuPLV4qYiznagLAFPHcW
30,696DnlkuDOXcMAnKlTgXXK
31,5Oh8sPyFYM4gAR3KmmDH7I
32,0nbXyq5TXYPCO7pr3N8S4I
33,2oT2g4vkjRaFOcUtdOf9eg
34,2MCAs3ttHSuDm1RHL0rqTF
35,4iNPp0BZ4lBu7bipdWLcWk
36,4TnjEaWOeW0eKTKIEvJyCa
37,430efk5Jc5wGay4EWP4snS
38,6cy3ki60hLwimwIje7tALf
39,0Jh6iWjna1wk5le0Ahn7No
40,1bWafkUCOp6luXRs1cm3w9
41,7z575d1ooaNsYfnCmizi9Y
42,2tnVG71enUj33Ic2nFN6kZ
43,7FF6HRsQlc0CtfAbLmrEGX
44,2b8fOow8UzyDFAE27YhOZM
45,6WrI0LAC5M1Rw2MnX2ZvEg
46,2ez6qvOTHKeI3ss80NGqnI
47,2e13IHEwI3KgzabMnx3RwY
48,41L3O37CECZt3N7ziG2z7l
49,7FIWs0pqAYbP91WWM0vlTQ
50,1SVuEeerYIwjCRsF5MGzX3
51,4poybupy26pTWPr9zY1i7h
52,5c2HadbVTsMKjja4gohEFI
53,07Oz5StQ7GRoygNLaXs2pd
54,5yYfCoMrhcuxMP9CAmA2rU
55,1G2CAJeP7rCwOZjlSJ0Zw3
56,0rQbvQpjQ6QeeCAnVRzokf
57,75bVc27bDSOAhMAL38cXpV
58,3ZCTVFBt2Brf31RLEnCkWJ
59,3Aq1SJ1hWlfazx8IIC6u1D
60,2WFa5RbfyeoBDGNkg3OD7M
61,5yY9lUy8nbvjM1Uyo1Uqoc
62,7aiClxsDWFRQ0Kzk5KI5ku
63,7j56bK7gq6iV7zsD6lbP4J
64,4JeAL2NrvenCeWNhRHkQwf
65,7gNlaZaMIjRUfnAYd9Dvmt
66,2PYXOG6GdxF9sUIH2NfOAD
67,0G0ZyEQyc3IBcRnYCvtTwb
68,5oePa8PlOTPAlRaGs2OZ3A
69,4lIYbNZIVszHvJHPrSA7av
70,3IWs9dAwTqN0EFhOIcBDfs
71,6lZbLMHu98qpkOY0t3efUK
72,10iesoGb4mCYTcur1QfdO9
73,24UpsIBzHloZfiimVLUUFx
74,30Mqfip5b5lCDpCLRvsrTq
75,1Wfe6IKCZDWqKSXNmn2tvt
76,4NcZKLjdfTJLpaCOspAjQn
77,7MmocSyYpeLvpgO4eRW3zl
78,1R08aR16OkyUIEISNPj8vA
79,1d6S51PMXjoBazYt8iHb4N
80,5lCxlSBFyP5g4EhVypAoOu
81,7CHi4DtfK4heMlQaudCuHK
82,5JVf4pCn50ePuE6ZoF5oEg
83,0udmmo0fTwWbm6VqEHAvYF
84,4Bg5ufw4skMPjZl95Y7axO
85,6v3KW9xbzN5yKLt9YKDYA2
86,7C7GtWZmyicqjBDbAWPsCp
87,0yVPwf4vpeGum3gF1XMCWQ
88,4l0Mvzj72xxOpRrp6h8nHi
89,28fP6qcMGPfYOjrx8AOWFn
90,3ebaeB2BdCEgZmwKv7p2r5
91,1smgLMQlWxpcBjR48cxNja
92,399mh97iAmjU34de5MebHp
93,6Tvzf3VEi16JMhAgOwdt2y
94,2grAr8pWMuLWn8ZYEE9wDV
95,6atrzNHhWlXTolcIKAjSq2
96,4WB9OeauHXnGOMUK4s80gM
97,5cKIAHPEHZ5aGXqvksSrS6
98,6Ozh9Ok6h4Oi1wUSLtBseN
99,2J2Z1SkXYghSajLibnQHOa
100,2Fxmhks0bxGSBdJ92vM42m
101,6OsqTyesS9pc7pYPCFhlmv
102,2jX5c5RFp0A9E1GDsvGxIa
103,0qaWEvPkts34WF68r8Dzx9
104,6stxV2bl7xSiPUornxwyNR
105,24LAeSVSHgnbvSsmgjBqZW
106,3xbws1uOAaxeTPEviKWONY
107,0bMbDctzMmTyK2j74j3nF3
108,4HlDJ6SM3DyZ7KAp1oS8le
109,55zn5ujMpCkJWd2exRvs5r
110,2zJms5D9VSUYjc9y3VJR3q
111,3vmoC735YdyvsrF0HtbmGn
112,7qEHsqek33rTcFNT9PFqLf
113,5WzgYEfub2pFJAAZfrOult
114,24k1wnPPSQ7j9KahQkS7Ke
115,0GN6DWiR9Pf2su3vJF5c0x
116,0r64LBR8RlnXcdd5HTFubd
117,3sFAWTSQ2qTlJzfbYEkseu
118,4miiqu2dxOhBguQDHtqssH
119,4jKecY76WnshhRYbUC8Wue
120,2gMXnyrvIjhVBUZwvLZDMP
121,5SNfvgi4TUwx4Si0lFn3G2
122,4vR2zaYAW8CtzwodeFufkI
123,4L0Iwsk1s8cbdBcEgdm8K5
124,2QpUWi6VSNOt2WyH5FIeLD
125,5ooDpyL9wIFbqL0ug916qq
126,5dj1X2JynMF0kTlQzhcO0B
127,3uTNli5uz5rNOqD6qZFi8L
128,4wNIkl5XGiAACjFBlDWuSd
129,1NUC8l1gq50VuHzmWRMA2G
130,4vUmTMuQqjdnvlZmAH61Qk
131,40aUecOhUNkxTEqCRSWzxi
132,2GdxQw8NwoeH8tKySg6nym
133,458jymYwp103FpfZd8eDNF
134,2YpeDb67231RjR0MgVLzsG
135,3VyjsVV24RmBIbWJAeUJNu
136,6hgP6EuIMTxcVGla8N8w3l
137,6L2bXG181V9k56XS167r1P
138,6mKLhdZIMaHpZ9kbmq9SOS
139,7k4t7uLgtOxPwTpFmtJNTY
140,6P3FBaZfUjeWYExU2ShaPZ
141,295SxdR1DqunCNwd0U767w
142,4iIH0uHA0KI2kHJaKnZN03
143,2imn6s1bQUKShiC7Ab2Lp5
144,6S01Mh6Yb1zQIdjCOXSyA6
145,51Fjme0JiitpyXKuyQiCDo
146,7bg469g8qRoMwFQf6Vleh3
147,70eFcWOvlMObDhURTqT4Fv
148,6l7PqWKsgm4NLomOE7Veou
149,2ewjMyCbNv2X1dB2qIDCwD
150,7zzhknA0A39TH81meuX7WA
151,21jGcNKet2qwijlDFuPiPb
152,1n7fqc4bQcxIyxZP2IXVbg
153,4tWVLBZ3EiSqegpf4jBsei
154,0kH4ZE0SewdiPUUgbQNVSU
155,4yZ1IsJz47P6p6VLLLGeIh
156,4pmQt0EAXwy2SyXOJJ2bPU
157,4VzalpjiHHK5cKSgrZuNjg
158,2PaktlQ4uhWfR0Cuk0qRtN
159,2VxeLyX666F8uXCJ0dZF8B
160,7439REnnov7d5h0P419Nk2
161,06O3hxudc6V0BOuoCFSy71
162,3SmVGTMCmarY5aMkPRQWGD
163,4hdwmvZ5IhBE5QhtxTQkNv
164,2abVYMtriZHHIDGFZFT5ij
165,4zKqWCgGqwWlfJTNaj2R19
166,2HpgP7x3QbcX2RVXlELTxG
167,2W1JSyFiR8V8cnObOsfzUi
168,3b89BehicGUgc60pLBo092
169,32Y1v13FNb00obKnOpGdfd
170,4kqsT3yDyJr1KZ2AkM9qfD
171,3eekarcy7kvN4yt5ZFzltW
172,4ml7hnH3FtGeUDMhzVmnrj
173,6LcauUZjF1eXQrgqMUecHX
174,1ezjFgjNnCf57TW1sacWBH
175,7oZryU4VFbqOxT0bRceSjj
176,63YQngdPhSvAwShxYn1pXV
177,2pG9eexjCeyOGA0AdCmL8y
178,7HMmFQsKsljwTw8bS7lu19
179,5tZWtGT65sMrDVPB5H444n
180,3EF6LVr4vCyxu66HBe8pGO
181,6ONBway3VLMdg9tQMZixT7
182,6osaMSJh9NguagEDQcZaKx
183,4zULM3R99kAHqJkJDCIR4C
184,7wFK2ReVQpq80IAGs6eI1l
185,7MPC1qtCR74fdc9jNdFHeH
186,656vbT8JKkVx7g1yG12L89
187,7sKDftgGirHWTVFMtJoDoh
188,03T4ttRCiLXST6MZjeMwmR
189,6g8Waa9vcFQP1FElldjfRr
190,6hzi3AGB39FjxFqcjgbWs7
191,1lOe9qE0vR9zwWQAOk6CoO
192,4tpS4xAxCfo1b5PjfgpqC6
193,2u70DwuUQAdV4nGJWDnQwv
194,6dgLDzgL0JYxFr3PjppsnS
195,47yhjEwyOgNPPLHLL8OGLV
196,5dkSQ8ExtSaS5diqiQosOk
197,3yndKI4zWEyC36BQYrdKBA
198,1DWZUa5Mzf2BwzpHtgbHPY
199,4qMnrnyZvVo0cnOrN7mhV2
200,1lht8jb3c6rEiVaqX94enH
